H.sapiens	MSSSSWLLLSLVAVTAAQSTIEEQAKTFLDKFNHEAEDLFYQSSLASWNYNTNITEENVQNMNNAGDKWSAFLKEQSTLAQMYPLQEIQNLTVKLQLQALQQNGSSVLSEDKSKRLNTILNTMSTIYSTGKVCNPDNPQECLLLEPGLNEIMANSLDYNERLWAWESWRSEVGKQLRPLYEEYVVLKNEMARANHYEDYGDYWRGDYEVNGVDGYDYSRGQLIEDVEHTFEEIKPLYEHLHAYVRAKLMNAYPSYISPIGCLPAHLLGDMWGRFWTNLYSLTVPFGQKPNIDVTDAMVDQAWDAQRIFKEAEKFFVSVGLPNMTQGFWENSMLTDPGNVQKAVCHPTAWDLGKGDFRILMCTKVTMDDFLTAHHEMGHIQYDMAYAAQPFLLRNGANEGFHEAVGEIMSLSAATPKHLKSIGLLSPDFQEDNETEINFLLKQALTIVGTLPFTYMLEKWRWMVFKGEIPKDQWMKKWWEMKREIVGVVEPVPHDETYCDPASLFHVSNDYSFIRYYTRTLYQFQFQEALCQAAKHEGPLHKCDISNSTEAGQKLFNMLRLGKSEPWTLALENVVGAKNMNVRPLLNYFEPLFTWLKDQNKNSFVGWSTDWSPYADQSIKVRISLKSALGDKAYEWNDNEMYLFRSSVAYAMRQYFLKVKNQMILFGEEDVRVANLKPRISFNFFVTAPKNVSDIIPRTEVEKAIRMSRSRINDAFRLNDNSLEFLGIQPTLGPPNQPPVSIWLIVFGVVMGVIVVGIVILIFTGIRDRKKKNKARSGENPYASIDISKGENNPGFQNTDDVQTSF
R.ferrumequinum_470	MSGSSWFLLSLVAVTAAQSTTEDLAKKFLDDFNSEAENLSHQSSLASWEYNTNISDENVQKMDEAGAKWSDFYEKQSKLAKNFSLEEIHNDTVKLQLQILQQSGSPVLSEDKSKRLNSILNAMSTIYSTGKVCKPNNPQECLLLEPGLDNIMGTSKDYNERLWAWEGWRAEVGKQLRPLYEEYVVLKNEMARGYHYEDYGDYWRRDYETEGSPDLEYSRDQLIKDVERIFAEIKPLYEQLHAYVRTKLMDTYPFHISPTGCLPAHLLGDMWGRFWTNLYPLTVPFGQKPNIDVTDAMLNQNWDAKRIFKEAEKFLVSIGLPNMTEGFWNNSMLTDPGDGRKVVCHPTAWDLGKGDFRIKMCTKVTMEDFLTAHHEMGHIQYDMAYASQPYLLRNGANEGFHEAVGEVMSLSVATPEHLKTMGLLSSDFLEDNETEINFLFKQALNIVGTLPLTYMLEKWRWMVFKGEIPKEEWMKKWWEMKRKIVGVVEPVPHDETYCDPASLFHVANDYSFIRYYTRTIFEFQFHEALCRIAKHDGPLHKCGISNSTDAGEKLHQMLSVGKSQPWTSVLKDFVGSKNMDVGPLLRYFEPLYTWLTEQNRKSFVGWNTDWSPYADQSIKVWISLKSALGEKAYEWNNNEMYLFRSSVAYAMREYFLKTKNQTILFGEEDVWVSNLKPRISFNFYVTSPRNLSDIIPRPEVEGAIRMSRSRINDAFRLDDNSLEFLGIQPTLGPPYQPPVTIWLIVFGVVMAVVVVGIVVLIITGIRDRRKKDQARSEENPYSSVDLSKGENNPGFQNGNDVQTSF
R.[PDF-2370]	MSGSSWLLLSLVAVTAAQSTTEDQAKKFLDDFNSEAENLSHQSSLASWEYNTNISDENVQKMDEAGAKWSDFYEKQSKLAKNFSLEEIHNDTVKLQLQILQQSGSPVLSEDKSKRLNSILNAMSTIYSTGKVCKPNNPQECLLLEPGLDNIMGTSKDYNERLWAWEGWRAEVGKQLRPLYEEYVVLKNEMARGYHYEDYGDYWRRDYETEGSPDLEYSRDQLIKDVERIFAEIKPLYEQLHAYVRTKLMDTYPFHISPTGCLPAHLLGDMWGRFWTNLYPLTVPFGQKPNIDVTDAMLNQNWDAKRIFKEAEKFFVSIGLPNMTEGFWNNSMLTDPGDGRKVVCHPTAWDLGKGDFRIKMCTKVTMEDFLTAHHEMGHIQYDMAYASQPYLLRNGANEGFHEAVGEVMSLSVATPKHLKTMGLLSSDFLEDNETEINFLFKQALNIVGTLPFTYMLEKWRWMVFKGEIPKEEWMKKWWEMKRKIVGVVEPVPHDETYCDPASLFHVANDYSFIRYYTRTXFEFQFHEALCRIAKHDGPLHKCDISNSTDAGEKLHQMLSVGKSQPWTSVLKDFVGSKNMDVGPLLRYFEPLYTWLTEQNRKSFVGWNTDWSPYADQSIKVRISLKSALGEKAYEWNNNEMYLFRSSVAYALREYFLKTKNQTILFGEEDVWVSNLKPRISFNFYVTSPRNLSDIIPRPEVEGAIRMSRSRINDAFRLDDNSLEFLGIQPTLGPPYQPPVTIWLIVFGVVMAVVVVGIVVLIITGIRDRRKKDQARSEENPYSSVDLSKGENNPGFQNGDDVQTSF
R.ferrumequinum	MSGSSWLLLSLVAVTAAQSTTEDLAKKFLDDFNSEAENLSHQSSLASWEYNTNISDENVQKMDEAGAKWSDFYKKQSKLAKNFSLEEIHNDTVKLQLQILQQSGSPVLSEDKSKRLNSILNAMSTIYSTGKVCKPNNPQECLLLEPGLDNIMETSKDYNERLWAWEGWRAEVGKQLRPLYEEYVVLKNEMARGYHYEDYGDYWRRDYETEGSPDLEYSRDQLIKDVERIFAEIKPLYEQLHAYVRTKLMDTYPFHISPTGCLPAHLLGDMWGRFWTNLYPLTVPFGQKPNIDVTDAMLNQNWDAKRIFKEAEKFFVSIGLPNMTEGFWNNSMLTDPGDGRKVVCHPTAWDLGKGDFRIKMCTKVTMEDFLTAHHEMGHIQYDMAYASQPYLLRNGANEGFHEAVGEVMSLSVATPKHLKTMGLLSSDFLEDNETEINFLFKQALNIVGTLPFTYMLEKWRWMVFKGEIPKEEWMKKWWEMKRKIVGVVEPVPHDETYCDPASLFHVANDYSFIRYYTRTIFEFQFHEALCRIAKHDGPLHKCDISNSTDAGEKLHQMLSVGKSQPWTSVLKDFVGSKNMDVGPLLRYFEPLYTWLTEQNRKSFVGWNTDWSPYADQSIKVRISLKSALGEKAYEWNNNEMYLFRSSVAYAMREYFLKTKNQTILFGEEDVWVSNLKPRISFNFYVTSPRNLSDIIPRPEVEGAIRMSRSRINDAFRLDDNSLEFLGIQPTLGPPYQPPVTIWLIVFGVVMAVVVVGIVVLIITGIRDRRKKDQARSEENPYSSVDLSKGENNPGFQNGDDVQTSF
R.ferrumequinum_663	MSGSSWLLLSLVAVTAAQSTTEDLAKKFLDDFNSEAENLSHQSSLASWEYNTNISDENVQKMDEAGAKWSDFYEKQSKLAKNFSLEEIHNDTVKLQLQILQQSGSPVLSEDKSKRLNSILNAMSTIYSTGKVCKPNNPQECLLLEPGLDNIMGTSKDYNERLWAWEGWRAEVGKQLRPLYEEYVVLKNEMARGYHYEDYGDYWRRDYETEGSPDLEYSRDQLIKDVERIFAEIKPLYEQLHAYVRTKLMDTYPFHISPTGCLPAHLLGDMWGRFWTNLYPLTVPFGQKPNIDVTDAMLNQNWDAKRIFKEAEKFFVSIGLPNMTEGFWNNSMLTDPGDGRKVVCHPTAWDLGKGDFRIKMCTKVTMEDFLTAHHEMGHIQYDMAYASQPYLLRNGANEGFHEAVGEVMSLSVATPKHLKTMGLLSSDFLEDNETEINFLFKQALNIVGTLPFTYMLEKWRWMVFKGEIPKEEWMKKWWEMKRKIVGVVEPVPHDETYCDPASLFHVANDYSFIRYYTRTIFEFQFHEALCRIAKHDGPLHKCDISNSTDAGEKLHQMLSVGKSQPWTSVLKDFVGSKNMDVGPLLRYFEPLYTWLTEQNRKSFVGWNTDWSPYADQSIKVRISLKSALGEKAYEWNNNEMYLFRSSVAYAMREYFLKTKNQTILFGEEDVWVSNLKPRISFNFYVTSPRNLSDIIPKPEVEGAIRMSRSRINDAFRLDDNSLEFLGIQPTLGPPYQPPVTIWLIVFGVVMAVVVVGIVVLIITGIRDRRKKDQARSEENPYSSVDLSKGENNPGFQNGDDVQTSF
R.alcyone	MSGSSWLFLSLVAVAAAQSTPEDLAKIFLDNFNSEAENLSHQSSLASWEYNTNISDENIQKMDEAGAKWSDFYETQSKHAKNFSLEEIHNDTVKLQLQILQQSGSPVLSEDKSKRLNSILNAMSTIYSTGKVCRPNNPQECLLLEPGLDNIMGTSKDYNERLWAWEGWRAEVGKQLRPLYEEYVVLKNEMARGYHYEDYGDYWRRDYETEGSPDLEYSRDQLTKDVERIFAEIKPLYEQLHAYVRTKLMDTYPFHISPTGCLPAHLLGDMWGRFWTNLYPLTVPFAQKPNIDVTDAMLNQTWDAKRIFKEAEKFFVSIGLPHMTEGFWNNSMLTDPGDGRKVVCHPTAWDLGKGDFRIKMCTKVTMEDFLTAHHEMGHIQYDMAYASQPYLLRNGANEGFHEAVGEVMSLSVATPKHLKTMGLLSPDFLEDNETEINFLFKQALTIVGTLPFTYMLEKWRWMVFKGEIPKEEWMTKWWEMKRKIVGVVEPVPHDETYCDPASLFHVANDYSFIRYYTRTIFEFQFHEALCRIAKHDGPLHKCDISNSTDAGKKLHQMLSVGKSQPWTSVLKDFVDSKDMDVGPLLRYFEPLYTWLKEQNRNSFVGWNTDWSPYADQSIKVRISLKSALGEKAYEWNNNEMYLFRSSVAYAMREYFLKTKNQTILFGEEDVWVSNLKPRISFNFYVTSPRNLSDIIPRPEVEGAIRMSRSRINDAFRLDDNSLEFLGIQPTLGPPYQPPVTIWLIVFGVVMAVVVVGIVVLIITGIRDRRKKDQARSEENPYSSVDLSKGETNPGFQNGDDVQTSF
R.landeri	MSGSSWLFLSLVAVTAAQSTPEDLAKTFLDDFNSAAENLSYQSSLASWEYNTNISDENIQKMDEAGAKWSDFYETQSKHAKNFSLEEIHNDTVKLQLQILQQSGSPVLSEDKSKRLNSILNAMSTIYSTGKVCRPNNPQECLLLEPGLDNIMGTSKDYNERLWAWEGWRAEVGKQLRPLYEEYVVLKNEMARGYHYEDYGDYWRRDYETEGSPDLEYSRDQLTKDVERIFAEIKPLYEQLHAYVRAKLMDTYPFHISPTGCLPAHLLGDMWGRFWTNLYPLTVPFGQKPNIDVTDAMLNQTWDAKRIFKEAEKFFVSIGLPHMTEGFWNNSMLTDPGDGRKVVCHPTAWDLGKGDFRIKMCTKVTMEDFLTAHHEMGHIQYDMAYASQPYLLRNGANEGFHEAVGEVMSLSVATPKHLKTMGLLSPDFLEDNETEINFLFKQALTIVGTLPFTYMLEKWRWMVFKGEIPKEEWMTKWWEMKRKIVGVVEPVPHDETYCDPASLFHVANDYSFIRYYTRTIFEFQFHEALCRIAKHDGPLHKCDISNSTDAGKKLHQMLSVGKSQPWTSVLKDFVDSKDMDVGPLLRYFEPLYTWLKEQNRNSFVGWNTDWSPHADQSIKVRISLKSALGEKAYEWNNNEMYLFRSSVAYAMREYFSKTKNQTILFGEEDVWVSNLKPRISFNFYVTSPRNLSDIIPRPEVEGAIRMSRSRINDAFRLDDDSLEFLGIQPTLGPPYQPPVTIWLIVFGVVMAVVVVGIVVLIITGIRDRRKKDQARSEENPYSSVDLSKGETNPGFQNGDDVQTSF
R.shameli	MSGSSWLLLSLVAVTAAQSTTEDRAKAFLDKFNPEAEELSHQSSLASWEYNTNISDENVQKMDEAGAKWSAFYEEQSKLAKNFPLEEIQTVPVKLQLQILQQSGSPVLSEDKSKRLNSILNAMSTIYSTGKVCKPNNPQECFLLEPGLDNIMGTSKDYNERLWAWEGWRAEVGKQLRPLYEEYVVLKNEMARGYHYEDYGDYWRRDYETEESSGSGYSRDQLMKDVDRIFTEIKPLYEHLHAYVRTKLMDTYPFHISPTGCLPAHLLGDMWGRFWTNLYPLTVPFGQKPNIDVTDAMVNQGWDANRIFKEAEKFFVSVGLPNMTEGFWNNSMLTEPGDGRKVVCHPTAWDLGKNDFRIKMCTKVTMEDFLTAHHEMGHIQYDMAYATQPYLLRNGANEGFHEAVGEVMSLSVATPKHLKTMGLLSPDFVEDNETEINFLLKQALNIVGTLPFTYMLEKWRWMVFRGEIPKEEWMKKWWEMKRDLVGVVEPVPHDETYCDPASLFHVANDYSFIRYYTRTIFEFQFHEALCRIAQHDGPLHKCDISNSTDAGKKLHQMLSVGKSQAWTVTLKDIVDSRNMDVGPLLRYFEPLYTWLQEQNKKSYVGWNTDWSPYSDQSIKVRISLKSALGEKAYEWNDNEMYLFRSSVAYAMREYFSK-KNQTILFGVENVWVSNLKPRISFNFHVTSPGNVSDIIPRPEVEGAIRMSRSRINDAFRLDDNSLEFLGIQPTLGPPYQPPVTIWLIVFGVVMAVVVVGIVVLIITGIRDRRKTDQARSEENPYSSVDLSKGENNPGFQNGDDVQTSF
R.affinis_227	MSGSSWLLLSLVAVTAAQSTTEDRAKIFLDNFNHEAEDLSYQSSLASWEYNTNISDENVQKMDEAGAKWSAFYEEQSKLAKNYPLEEIQTVPVKLQLQILQQSGSPVLSEDKSKRLNSILNAMSTIYSTGKVCKPNNPQECFLLEPGLDNIMGTSKDYNERLWAWEGWRAEVGKQLRPLYEEYVVLKNEMARGYHYEDYGDYWRRDYETEESSGSGYSRDQLMKDVDRIFTEIKPLYEHLHAYVRTKLMDTYPFHISPTGCLPAHLLGDMWGRFWTNLYPLTVPFGQKPNIDVTDAMVNQGWDANRIFKEAEKFFVSVGLPNMTEGFWNNSMLTEPGDGRKVVCHPTAWDLGKGDFRIKMCTKVTMEDFLTAHHEMGHIQYDMAYATQPYLLRNGANEGFHEAVGEVMSLSVATPKHLKTMGLLSPDFLEDNETEINFLLKQALNIVGTLPFTYMLEKWRWMVFRGEIPKEEWMKKWWEMKRDLVGVVEPVPHDETYCDPASLFHVANDYSFIRYYTRTIFEFQFHEALCRIAQHDGPLHKCDISNSTDAGKKLHQMLSVGKSQPWTVTLKDIVDSRNMDVGPLLRYFEPLYTWLQEQNRKSHVGWNTDWSPYSDQSIKVRISLKSALGEKAYEWNDNEMYLFRSSVAYAMREYFSK-KNQPILFGVENVWVSNLKPRISFNFHVTSPGNVSDIIPRSEVEGAIRMSRSRINDAFRLDDNSLEFLGIQPTLGPPYQPPVTIWLIVFGVVMAVVVVGIVVLIITGIRDRRKTDQARSEENPYSSVDLNKGENNPGFQNGDDVQTSF
R.affinis_229	MSGSSWLLLSLVAVTAAQSTTEDRAKIFLDNFNHEAEDLSYQSSLASWEYNTNISDENVQKMDEAGAKWSAFYEEQSKLAKNYPLEEIQTVPVKLQLQILQQSGSPVLSEDKSKRLNSILNAMSTIYSTGKVCKPNNPQECFLLEPGLDNIMGTSKDYNERLWAWEGWRAEVGKQLRPLYEEYVALKNEMARGYHYEDYGDYWRRDYETEESSGSGYSRDQLMKDVDRIFTEIKPLYEHLHAYVRTKLMDTYPFHISPTGCLPAHLLGDMWGRFWTNLYPLTVPFGQKPNIDVTDAMVNQGWDANRIFKEAEKFFVSVGLPNMTEGFWNNSMLTEPGDGRKVVCHPTAWDLGKGDFRIKMCTKVTMEDFLTAHHEMGHIQYDMAYATQPYLLRNGANEGFHEAVGEVMSLSVATPKHLKTMGLLSPDFLEDNETEINFLLKQALNIVGTLPFTYMLEKWRWMVFRGEIPKEEWMKKWWEMKRDLVGVVEPVPHDETYCDPASLFHVANDYSFIRYYTRTIFEFQFHEALCRIAQHDGPLHKCDISNSTDAGKKLHQMLSVGKSQPWTVTLKDIVDSRNMDVGPLLRYFEPLYTWLQEQNRKSYVGWNTDWSPYSDQSIKVRISLKSALGEKAYEWNDNEMYLFRSSVAYAMREYFSK-KNQPILFGVENVWVSNLKPRISFNFHVTSPGNVSDIIPRSEVEGAIRMSRSRINDAFRLDDNSLEFLGIQPTLGPPYQPPVTIWLIVFGVVMAVVVVGIVVLIITGIRDRRKTDQARSEENPYSSVDLNKGENNPGFQNGDDVQTSF
R.affinis_242	MSGSSWLLLSLVAVTAAQSTTEDRAKIFLDNFNREAEELSYQSSLASWEYNTNISDENVQKMDEAGAKWSAFYEEQSKLAKNYPLEEIQTVPVKLQLQILQQSGSPVLSEDKSKRLNSILNAMSTIYSTGKVCKPNNPQECFLLEPGLDNIMGTSKDYNERLWAWEGWRAEVGKQLRPLYEEYVVLKNEMARGYHYEDYGDYWRRDYETEESSGSGYSRDQLMTDVDRIFTEIKPLYEHLHAYVRTKLMDTYPFHISPTGCLPAHLLGDMWGRFWTNLYPLTVPFGQKPNIDVTDAMVNQGWDANRIFKEAEKFFVSVGLPNMTEGFWNNSMLTEPGDGRKVVCHPTAWDLGKGDFRIKMCTKVTMEDFLTAHHEMGHIQYDMAYATQPYLLRNGANEGFHEAVGEVMSLSVATPKHLKTMGLLSPDFLEDNETEINFLLKQALNIVGTLPFTYMLEKWRWMVFRGEIPKEEWMKKWWEMKRDLVGVVEPVPHDETYCDPASLFHVANDYSFIRYYTRTIFEFQFHEALCRIAQHDGPLHKCDISNSTDAGKKLHQMLSVGKSQPWTVTLKDIVDSRNMDVGPLLRYFEPLYTWLQEQNRKSYVGWNTDWSPYSDQSIKVRISLKSALGEKAYEWNDNEMYLFRSSVAYAMREYFSK-KNQPILFGVENVWVSNLKPRISFNFHVTSPGNVSDIIPRSEVEGAIRMSRSRINDAFRLDDNSLEFLGIQPTLGPPYQPPVTIWLIVFGVVMAVVVVGIVVLIITGIRDRRKTDQARSEENPYSSVDLNKGENNPGFQNGDDVQTSF
R.affinis_240	MSGSSWLLLSLVAVTAAQSTTEDRAKIFLDNFNREAEELSYQSSLASWDYNTNISDENVQKMDEAGAKWSAFYEEQSKLAKNYPLEEIQTVPVKLQLQILQQSGSPVLSEDKSKRLNSILNAMSTIYSTGKVCKPNNPQECFLLEPGLDNIMGTSKDYNERLWAWEGWRAEVGKQLRPLYEEYVVLKNEMARGYHYEDYGDYWRRDYETEESSGSGYSRDQLMKDVDRIFTEIKPLYEHLHAYVRTKLMDTYPFHISPTGCLPAHLLGDMWGRFWTNLYPLTVPFGQKPNIDVTDAMVNQGWDANRIFKEAEKFFVSVGLPNMTEGFWNNSMLTEPGDGRKVVCHPTAWDLGKGDFRIKMCTKVTMEDFLTAHHEMGHIQYDMAYATQPYLLRNGANEGFHEAVGEVMSLSVATPKHLKTMGLLSPDFLEDNETEINFLLKQALNIVGTLPFTYMLEKWRWMVFRGEIPKEEWMKKWWEMKRDLVGVVEPVPHDETYCDPASLFHVANDYSFIRYYTRTIFEFQFHEALCRIAQHDGPLHKCDISNSTDAGKKLHQMLSVGKSQPWTVTLKDIVDSRNMDVGPLLRYFEPLYTWLQEQNRKSYVGWNTDWSPYSDQSIKVRISLKSALGEKAYEWNDNEMYLFRSSVAYAMREYFSK-KNQPILFGVENVWVSNLKPRISFNFHVTSPGNVSDIIPRSEVEGAIRMSRSRINDAFRLDDNSLEFLGIQPTLGPPYQPPVTIWLIVFGVVMAVVVVGIVVLIITGIRDRRKTDQARSEENPYSSVDLNKGENNPGFQNGDDVQTSF
R.affinis_233	MSGSSWLLLSLVAVTAAQSTTEDRAKIFLDNFNREAEELSYQSSLASWEYNTNISDENVQKMDEAGAKWSAFYEEQSKLAKNYPLEEIQTVPVKLQLQILQQSGSPVLSEDKSKRLNSILNAMSTIYSTGKVCKPNNPQECFLLEPGLDNIMGTSKDYNERLWAWEGWRAEVGKQLRPLYEEYVVLKNEMARGYHYEDYGDYWRRDYETEESSGSGYSRDQLMKDVDRIFTEIKPLYEHLHAYVRTKLMDTYPFHISPTGCLPAHLLGDMWGRFWTNLYPLTVPFGQKPNIDVTDAMVNHGWDANRIFKEAEKFFVSVGLPNMTEGFWNNSMLTEPGDGRKVVCHPTAWDLGKGDFRIKMCTKVTMEDFLTAHHEMGHIQYDMAYATQPYLLRNGANEGFHEAVGEVMSLSVATPKHLKTMGLLSPDFLEDNETEINFLLKQALNIVGTLPFTYMLEKWRWMVFRGEIPKEEWMKKWWEMKRDLVGVVEPVPHDETYCDPASLFHVANDYSFIRYYTRTIFEFQFHEALCRIAQHDGPLHKCDISNSTDAGKKLHQMLSVGKSQPWTVTLKDIVDSRNMDVGPLLRYFEPLYTWLQEQNRKSYVGWNTDWSPYSDQSIKVRISLKSALGEKAYEWNDNEMYLFRSSVAYAMREYFSK-KNQPILFGVENVWVSNLKPRISFNFHVTSPGNVSDIIPRSEVEGAIRMSRSRINDAFRLDDNSLEFLGIQPTLGPPYQPPVTIWLIVFGVVMAVVVVGIVVLIITGIRDRRKTDQARSEENPYSSVDLNKGENNPGFQNGDDVQTSF
R.affinis	MSGSSWLLLSLVAVTAAQSTTEDRAKIFLDNFNREAEELSYQSSLASWEYNTNISDENVQKMDEAGAKWSAFYEEQSKLAKNYPLEEIQTVPVKLQLQILQQSGSPVLSEDKSKRLNSILNAMSTIYSTGKVCKPNNPQECFLLEPGLDNIMGTSKDYNERLWAWEGWRAEVGKQLRPLYEEYVVLKNEMARGYHYEDYGDYWRRDYETEESSGSGYSRDQLMKDVDRIFTEIKPLYEHLHAYVRTKLMDTYPFHISPTGCLPAHLLGDMWGRFWTNLYPLTVPFGQKPNIDVTDAMVNQGWDANRIFKEAEKFFVSVGLPNMTEGFWNNSMLTEPGDGRKVVCHPTAWDLGKGDFRIKMCTKVTMEDFLTAHHEMGHIQYDMAYATQPYLLRNGANEGFHEAVGEVMSLSVATPKHLKTMGLLSPDFLEDNETEINFLLKQALNIVGTLPFTYMLEKWRWMVFRGEIPKEEWMKKWWEMKRDLVGVVEPVPHDETYCDPASLFHVANDYSFIRYYTRTIFEFQFHEALCRIAQHDGPLHKCDISNSTDAGKKLHQMLSVGKSQPWTVTLKDIVDSRNMDVGPLLRYFEPLYTWLQEQNRKSYVGWNTDWSPYSDQSIKVRISLKSALGEKAYEWNDNEMYLFRSSVAYAMREYFSK-KNQPILFGVENVWVSNLKPRISFNFHVTSPGNVSDIIPRSEVEGAIRMSRSRINDAFRLDDNSLEFLGIQPTLGPPYQPPVTIWLIVFGVVMAVVVVGIVVLIITGIRDRRKTDQARSEENPYSSVDLNKGENNPGFQNGDDVQTSF
R.affinis_231	MSGSSWLLLSLVAVTAAQSTTEDRAKIFLDNFNREAEELSYQSSLASWEYNTNISDENVQKMDEAGAKWSAFYEEQSKLAKNHPLEEIQTVPVKLQLQILQQSGSPVLSEDKSKRLNSILNAMSTIYSTGKVCKPNNPQECFLLEPGLDNIMGTSKDYNERLWAWEGWRAEVGKQLRPLYEEYVVLKNEMARGYHYEDYGDYWRRDYETEESSGSGYSRDQLMKDVDRIFTEIKPLYEHLHAYVRTKLMDTYPFHISPTGCLPAHLLGDMWGRFWTNLYPLTVPFGQKPNIDVTDAMVNQGWDANRIFKEAEKFFVSVGLPNMTEGFWNNSMLTEPGDGRKVVCHPTAWDLGKGDFRIKMCTKVTMEDFLTAHHEMGHIQYDMAYATQPYLLRNGANEGFHEAVGEVMSLSVATPKHLKTMGLLSPDFLEDNETEINFLLKQALNIVGTLPFTYMLEKWRWMVFRGEIPKEEWMKKWWEMKRDLVGVVEPVPHDETYCDPASLFHVANDYSFIRYYTRTIFEFQFHEALCRIAQHDGPLHKCDISNSTDAGKKLHQMLSVGKSQPWTVTLKDIVDSRNMDVGPLLRYFEPLYTWLQEQNRKSYVGWNTDWSPYSDQSIKVRISLKSALGEKAYEWNDNEMYLFRSSVAYAMREYFSK-KNQPILFGVENVWVSNLKPRISFNFHVTSPGNVSDIIPRSEVEGAIRMSRSRINDAFRLDDNSLEFLGIQPTLGPPYQPPVTIWLIVFGVVMAVVVVGIVVLIITGIRDRRKTDQARSEENPYSSVDLNKGENNPGFQNGDDVQTSF
R.pearsonii	MSGSFWLLLSLVAVTAAQSTTEDQAKIFLDKFNREAEDLSHESSLASWEYNTNISDENVQKMDEAGAKWSAFYEEQSKLAKDYPLEEIQNSTVKLQLQILQQSGSPVLSEDKSKRLNSILNAMSTIYSTGKVCKPNNPQECLLLEPGLDNIMGTSKDYSERLWAWEGWRAEVGKQLRPLYEEYVVLKNEMARGYHYEDYGDYWRRDYETEESPGPGYSRDQLMNDVERILTEIKPLYEHLHAYVRTKLMDTYPFHISPTGCLPAHLLGDMWGRFWTNLYPLTVPFGQKPNIDVTDAMVNQGWDANRIFKEAEKFFVSVGLPNMTEGFWNNSMLTEPGDGRKVVCHPTAWDLGKDDFRIKMCTKVTMEDFLTAHHEMGHIQYDMAYASQPYLLRNGANEGFHEAVGEVMSLSVATPKHLKTMGLLSPDFREDNETEINFLLKQALNIVGTLPFTYMLEKWRWMVFKGEIPKEEWMKKWWEMKRDIVGVVEPVPHDETYCDPASLFHVANDYSFIRYYTRTILEFQFHEALCRIAQHDGPLHKCDISNSTEAGKKLHQMLRVGKSKPWTVTLKDIVDSRNMDVGPLLRYFEPLYTWLQEQNRKSHVGWNTDWSPYADQSIKVRISLKSALGEKAYEWNDNEMYLFRSSVAYAMREYFLKTKNQTILFGDENVWVSNLKPRISFNFHVTSPGNVSDIIPRPEVEGAIRMSRSRINDAFRLDDNSLEFVGIQPTLGPPYQPPVTIWLIVFGVVMAVVVVGIVVLIITGIRDRRKTDQARSEENPYSSVDLSKGENNPGFQNGDDVQTSF
R.sinicus_475	MSGSFWLLLSLVAVTTAQSTTEDRAKTFLDEFNSEAENLSYQSSLASWDYNTNINDENVQKMDEAGAKWSAFYEEQSKLAKNYPLEQIQNVTVKLQLQILQQSGSPVLSEDKSKRLNSILNAMSTIYSTGKVCKPNKPHECLLLEPGLDNIMGTSKDYNERLWAWEGWRAEVGKQLRPLYEEYVVLKNEMARGYHYEDYGDYWRRDYETEESPGPGYSRDQLMKDVERIFTEIKPLYEHLHAYVRAKLMDTYPFHISPTGCLPAHLLGDMWGRFWTNLYPLTVPFGQKPNIDVTDEMLKQGWDADRIFKEAEKFFVSVGLPNMTEGFWNNSMLTEPGDGRKVVCHPTAWDLGKGDFRIKMCTKVTMEDFLTAHHEMGHIQYDMVYASQPYLLRNGANEGFHEAVGEVMSLSVATPKHLKTMGLLSPDFHEDNETEINFLLKQALNIVGTLPFTYMLEKWRWMVFKGEIPKEEWMKKWWEMKRKIVGVVEPVPHDETYCDPASLFHVANDYSFIRYYTRTIFEFQFHEALCRIAQHDGPLHKCDISNSTDAGKKLHQMLSVGKSQAWTKTLEDIVDSRNMDVGPLLRYFEPLYTWLQEQNRKSYVGWNTDWSPYSDQSIKVRISLKSALGENAYEWNDNEMYLFRSSVAYAMREYFLKEKHQTILFGAENVWVSNLKPRISFNFHVTSPGNLSDIIPRPEVEGAIRMSRSRINDAFRLDDNSLEFLGIQPTLGPPYQPPVTIWLIVFGVVMAVVVVGIVVLIITGIRDRRKTDQARSEENPYSSVDLSKGENNPGFQNGDDVQTSF
R.sinicus_215	MSGSSWLLLSLVAVTTAQSTTEDRAKTFLDEFNSEAENLSYQSSLASWDYNTNINDENVQKMDEAGAKWSAFYEEQSKLAKNYSLEQIQNVTVKLQLQILQQSGSPVLSEDKSKRLNSILNAMSTIYSTGKVCKPNKPQECLLLEPGLDNIMGTSKDYNERLWAWEGWRAEVGKQLRPLYEEYVVLKNEMARGYHYEDYGDYWRRDYETEESPGPGYSRDQLMKDVERIFTEIKPLYEHLHAYVRAKLMDTYPFHISPTGCLPAHLLGDMWGRFWTNLYPLTVPFGQKPNIDVTDEMLKQGWDADRIFKEAEKFFMSVGLPNMTEGFWNNSMLTEPGDGRKVVCHPTAWDLGKGDFRIKMCTKVTMEDFLTAHHEMGHIQYDMAYASQPYLLRNGANEGFHEAVGEVMSLSVATPKHLKTMGLLSPDFREDNETEINFLLKQALNIVGTLPFTYMLEKWRWMVFKGEIPKEEWMKKWWEMKRKIVGVVEPVPHDETYCDPASLFHVANDYSFIRYYTRTIFEFQFHEALCRIAQHDGPLHKCDISNSTDAGKKLHQMLSVGKSQAWTKTLEDIVDSRNMDVGPLLRYFEPLYTWLQEQNRKSYVGWNTDWSPYSDQSIKVRISLKSALGENAYEWNDNEMYLFRSSVAYAMREYFLKEKHQTILFGAENVWVSNLKPRISFNFHVTSPGNLSDIIPRPEVEGAIRMSRSRINDAFRLDDNSLEFLGIQPTLGPPYQPPVTIWLIVFGVVMAVVVVGIVVLIITGIRDRRKTDQARSEENPYSSVDLSKGENNPGFQNGDDVQTSF
R.sinicus_217	MSGSSWLLLSLVAVTTAQSTTEDRAKTFLDEFNSEAENLSYQSSLASWDYNTNINDENVQKMDEAGAKWSAFYEEQSKLAKNYPLEQIQNVTVKLQLQILQQSGSPVLSEDKSKRLNSILNAMSTIYSTGKVCKPNKPHECLLLEPGLDNIMGTSKDYNERLWAWEGWRAEVGKQLRPLYEEYVVLKNEMARGYHYEDYGDYWRRDYETEESPGPGYSRDQLMKDVERIFTEIKPLYEHLHAYVRAKLMDTYPFHISPTGCLPAHLLGDMWGRFWTNLYPLTVPFGQKPNIDVTDEMLKQGWDADRIFKEAEKFFVSVGLPNMTEGFWNNSMLTEPGDGRKVVCHPTAWDLGKGDFRIKMCTKVTMEDFLTAHHEMGHIQYDMAYASQPYLLRNGANEGFHEAVGEVMSLSVATPKHLKTMGLLSPDFREDNETEINFLLKQALNIVGTLPFTYMLEKWRWMVFKGEIPKEEWMKKWWEMKRKIVGVVEPVPHDETYCDPASLFHVANDYSFIRYYTRTIFEFQFHEALCRIAQHDGPLHKCDISNSTDAGKKLHQMLSVGKSQAWTKTLEDIVDSRNMDVGPLLRYFEPLYTWLQEQNRKSYVGWNTDWSPYSDQSIKVRISLKSALGENAYEWNDNEMYLFRSSVAYAMREYFLKEKHQTILFGAENVWVSNLKPRISFNFHVTSPGNLSDIIPRPEVEGAIRMSRSRINDAFRLDDNSLEFLGIQPTLGPPYQPPVTIWLIVFGVVMAVVVVGIVVLIITGIRDRRKRDQARSEENPYSSVDLSKGENNPGFQNGDDVQTSF
R.sinicus_204	MSGSSWLLLSLVAVTTAQSTTEDRAKTFLDEFNSEAENLSYQSSLASWDYNTNINDENVQKMDEAGAKWSAFYEEQSKLAKNYPLEQIQNVTVKLQLQILQQSGSPVLSEDKSKRLNSILNAMSTIYSTGKVCKPNKPHECLLLEPGLDNIMGTSKDYSERLWAWEGWRAEVGKQLRPLYEEYVVLKNEMARGYHYEDYGDYWRRDYETEESPGPGYSRDQLMKDVERIFTEIKPLYEHLHAYVRAKLMDTYPFHISPTGCLPAHLLGDMWGRFWTNLYPLTVPFGQKPNIDVTDEMLKQGWDADRIFKEAEKFFVSVGLPNMTEGFWNNSMLTEPGDGRKVVCHPTAWDLGKGDFRIKMCTKVTMEDFLTAHHEMGHIQYDMAYASQPYLLRNGANEGFHEAVGEVMSLSVATPKHLKTMGLLSPDFREDNETEINFLLKQALNIVGTLPFTYMLEKWRWMVFKGEIPKEEWMKKWWEMKRKIVGVVEPVPHDETYCDPASLFHVANDYSFIRYYTRTIFEFQFHEALCRIAQHDGPLHKCDISNSTDAGKKLHQMLSVGKSQAWTKTLEDIVDSRNMDVGPLLRYFEPLYTWLQEQNRKSYVGWNTDWSPYSDQSIKVRISLKSALGENAYEWNDNEMYLFRSSVAYAMREYFLKEKHQTILFGAENVWVSNLKPRISFNFHVTSPGNLSDIIPRPEVEGAIRMSRSRINDAFRLDDNSLEFLGIQPTLGPPYQPPVTIWLIVFGVVMAVVVVGIVVLIITGIRDRRKTDQARSEENPYSSVDLSKGENNPGFQNGDDVQTSF
R.sinicus_214	MSGSSWLLLSLVAVTTAQSTTEDRAKTFLDEFNSEAENLSYQSSLASWDYNTNINDENVQKMDEAGAKWSAFYEEQSKLAKNYPLEQIQNVTVKLQLQILQQSGSPVLSEDKSKRLNSILNAMSTIYSTGKVCKPNKPHECLLLEPGLDNIMGTSKDYNERLWAWEGWRAEVGKQLRPLYEEYVVLKNEMARGYHYEDYGDYWRRDYETEESPGPGYSRDQLMKDVERIFTEIKPLYEHLHAYVRAKLMDTYPFHISPTGCLPAHLLGDMWGRFWTNLYPLTVPFGQKPNIDVTDEMLKQGWDADRIFKEAEKFFVSVGLPNMTEGFWNNSMLTEPGDGRKVVCHPTAWDLGKGDFRIKMCTKVTMEDFLTAHHEMGHIQYDMAYASQPYLLRNGANEGFHEAVGEVMSLSVATPKHLKTMGLLSPDFREDNETEINFLLKQALNIVGTLPFTYMLEKWRWMVFKGEIPKEEWMKKWWEMKRKIVGVVEPVPHDETYCDPASLFHVANDYSFIRYYTRTIFEFQFHEALCRIAQHDGPLHKCDISNSTDAGKKLHQMLSVGKSQAWTKTLEDIVDSRNMDVGPLLRYFEPLYTWLQEQNRKSYVGWNTDWSPYSDQSIKVRISLKSALGENAYEWNDNEMYLFRSSVAYAMREYFLKEKHQTILFGAENVWVSNLKPRISFNFHVTSPGNLSDIIPRPEVEGAIRMSRSRINDAFRLDDNSLEFLGIQPTLGPPYQPPVTIWLIVFGVVMAVVVVGIVVLIITGIRDRRKTDQARSEENPYSSVDLSKGENNPGFQNGDDVQTSF
R.sinicus_200	MSGSSWLLLSLVAVTTAQFTTEDLAKIFLDEFNFEAENLSYQSSLASWDYNTNINDENVQKMDEAGAKWSAFYEEQSKLAKNYPLEQIQNVTVKLQLQILQQSGSPVLSEDKSKRLNSILNAMSTIYSTGKVCKPNKPHECLLLEPGLDNIMGTSKDYNERLWAWEGWRAEVGKQLRPLYEEYVVLKNEMARGYHYEDYGDYWRRDYETEESPGPGYSRDQLMKDVERIFTEIKPLYEHLHAYVRAKLMDTYPFHISPTGCLPAHLLGDMWGRFWTNLYPLTVPFGQKPNIDVTDEMLKQGWDADRIFKEAEKFFVSVGLPNMTEGFWNNSMLTEPGDGRKVVCHPTAWDLGKGDFRIKMCTKVTMEDFLTAHHEMGHIQYDMAYASQPYLLRNGANEGFHEAVGEVMSLSVATPKHLKTMGLLSPDFREDNETEINFLLKQALNIVGTLPFTYMLEKWRWMVFKGEIPKEEWMKKWWEMKRKIVGVVEPVPHDETYCDPASLFHVANDYSFIRYYTRTIFEFQFHEALCRIAQHDGPLHKCDISNSTDAGKKLHQMLSVGKSQAWTKTLEDIVDSRNMDVGPLLRYFEPLYTWLQEQNRKSYVGWNTDWSPYSDQSIKVRISLKSALGENAYEWNDNEMYLFRSSVAYAMREYFLKEKHQTILFGAENVWVSNLKPRISFNFHVTSPGNLSDIIPRPEVEGAIRMSRSRINDAFRLDDNSLEFLGIQPTLGPPYQPPVTIWLIVFGVVMAVVVVGIVVLIITGIRDRRKTDQARSEENPYSSVDLSKGENNPGFQNGDDVQTSF
R.sinicus_275	MSSSSWLLLSLVAVTTAQFTTEDLAKIFLDEFNSEAENLSYQSSLASWDYNTNINDENVQKMDEAGAKWSAFYEEQSKLAKNYPLEQIQNVTVKLQLQILQQSGSPVLSEDKSKRLNSILNAMSTIYSTGKVCKPNKPHECLLLEPGLDNIMGTSKDYSERLWAWEGWRAEVGKQLRPLYEEYVVLKNEMARGYHYEDYGDYWRRDYETEESPGPGYSRDQLMKDVERIFTEIKPLYEHLHAYVRAKLMDTYPFHISPTGCLPAHLLGDMWGRFWTNLYPLTVPFGQKPNIDVTDEMLKQGWDADRIFKEAEKFFVSVGLPNMTEGFWNNSMLTEPGDGRKVVCHPTAWDLGKGDFRIKMCTKVTMEDFLTAHHEMGHIQYDMAYASQPYLLRNGANEGFHEAVGEVMSLSVATPKHLKTMGLLSPDFREDNETEINFLLKQALNIVGTLPFTYMLEKWRWMVFKGEIPKEEWMKKWWEMKRKIVGVVEPVPHDETYCDPASLFHVANDYSFIRYYTRTIFEFQFHEALCRIAQHDGPLHKCDISNSTDAGKKLHQMLSVGKSQAWTKTLEDIVDSRNMDVGPLLRYFEPLYTWLQEQNRKSYVGWNTDWSPYSDQSIKVRISLKSALGENAYEWNDNEMYLFRSSVAYAMREYFLKEKHQTILFGAENVWVSNLKPRISFNFHVTSPGNLSDIIPRPEVEGAIRMSRSRINDAFRLDDNSLEFLGIQPTLGPPYQPPVTIWLIVFGVVMAVVVVGIVVLIITGIRDRRKTDQARSEENPYSSVDLSKGENNPGFQNGDDVQTSF
R.sinicus_211	MSGSSWLLLSLVAVTTAQSTTEDRAKIFLDEFNSEAEDLSYKSSLASWDYNTNINDENVQKMDEAGAKWSAFYEEQSKLAKNYSLEQIQNVTVKLQLQILQQSGSPVLSEDKSKRLNSILNAMSTIYSTGKVCKPNKPQECLLLEPGLDNIMGTSKDYNERLWAWEGWRAEVGKQLRPLYEEYVVLKNEMARGYHYEDYGDYWRRDYETEESPGPGYSRDQLMKDVERIFTEIKPLYEHLHAYVRAKLMDTYPFHISPTGCLPAHLLGDMWGRFWTNLYPLTVPFGQKPNIDVTDEMLKQGWDADRIFKEAEKFFVSVGLPNMTEGFWNNSMLTEPGDGRKVVCHPTAWDLGKGDFRIKMCTKVTMEDFLTAHHEMGHIQYDMAYASQPYLLRNGANEGFHEAVGEVMSLSVATPKHLKTMGLLSPDFREDNETEINFLLKQALNIVGTLPFTYMLEKWRWMVFKGEIPKEEWMKKWWEMKRKIVGVVEPVPHDETYCDPASLFHVANDYSFIRYYTRTIFEFQFHEALCRIAQHDGPLHKCDISNSTDAGKKLHQMLSVGKSQAWTKTLEDIVDSRNMDVGPLLRYFEPLYTWLQEQNRKSYVGWNTDWSPYSDQSIKVRISLKSALGENAYEWNDNEMYLFRSSVAYAMREYFLKEKHQTILFGAENVWVSNLKPRISFNFHVTSPGNLSDIIPRPEVEGAIRMSRSRINDAFRLDDNSLEFLGIQPTLGPPYQPPVTIWLIVFGVVMAVVVVGIVVLIITGIRDRRKTDQARSEENPYSSVDLSKGENNPGFQNGDDVQTSF
R.sinicus_210	MSGSSWLLLSLVAVTTAQSTTEDRAKIFLDEFNSEAEDLSYKSSLASWDYNTNINDENVQKMDEAGAKWSAFYEEQSKLAKNYPLEQIQNVTVKLQLQILQQSGSPVLSEDKSKRLNSILNAMSTIYSTGKVCKPNKPQECLLLEPGLDNIMGTSKDYNERLWAWEGWRAEVGKQLRPLYEEYVVLKNEMARGYHYEDYGDYWRRDYETEESPGPGYSRDQLMKDVERIFTEIKPLYEHLHAYVRAKLMDTYPFHISPTGCLPAHLLGDMWGRFWTNLYPLTVPFGQKPNIDVTDEMLKQGWDADRIFKEAEKFFMSVGLPNMTEGFWNNSMLTEPGDGRKVVCHPTAWDLGKGDFRIKMCTKVTMEDFLTAHHEMGHIQYDMAYASQPYLLRNGANEGFHEAVGEVMSLSVATPKHLKTMGLLSPDFREDNETEINFLLKQALNIVGTLPFTYMLEKWRWMVFKGEIPKEEWMKKWWEMKRKIVGVVEPVPHDETYCDPASLFHVANDYSFIRYYTRTIFEFQFHEALCRIAQHDGPLHKCDISNSTDAGKKLHQMLSVGKSQAWTKTLEDIVDSRNMDVGPLLRYFEPLYTWLQEQNRKSYVGWNTDWSPYSDQSIKVRISLKSALGENAYEWNDNEMYLFRSSVAYAMREYFLKEKHQTILFGAENVWVSNLKPRISFNFHVTSPGNLSDIIPRPEVEGAIRMSRSRINDAFRLDDNSLEFLGIQPTLGPPYQPPVTIWLIVFGVVMAVVVVGIVVLIITGIRDRRKTDQARSEENPYSSVDLSKGENNPGFQNGDDVQTSF
R.sinicus_219	MSGSSWLLLSLVAVTTAQSTTEDRAKIFLDEFNSEAEDLSYKSSLASWDYNTNINDENVQKMDEAGAKWSAFYEEQSKLAKNYPLEQIQNVTVKLQLQILQQSGSPVLSEDKSKRLNSILNAMSTIYSTGKVCKPNKPQECLLLEPGLDNIMGTSKDYNERLWAWEGWRAEVGKQLRPLYEEYVVLKNEMARGYHYEDYGDYWRRDYETEESPGPGYSRDQLMKDVERIFTEIKPLYEHLHAYVRAKLMDTYPFHISPTGCLPAHLLGDMWGRFWTNLYPLTVPFGQKPNIDVTDEMLKQGWDADRIFKEAEKFFVSVGLPNMTEGFWNNSMLTEPGDGRKVVCHPTAWDLGKGDFRIKMCTKVTMEDFLTAHHEMGHIQYDMAYASQPYLLRNGANEGFHEAVGEVMSLSVATPKHLKTMGLLSPDFREDNETEINFLLKQALNIVGTLPFTYMLEKWRWMVFKGEIPKEEWMKKWWEMKRKIVGVVEPVPHDETYCDPASLFHVANDYSFIRYYTRTIFEFQFHEALCRIAQHDGPLHKCDISNSTDAGKKLHQMLSVGKSQAWTKTLEDIVDSRNMDVGPLLRYFEPLYTWLQEQNRKSYVGWNTDWSPYSDQSIKVRISLKSALGENAYEWNDNEMYLFRSSVAYAMREYFLKEKHQTILFGAENVWVSNLKPRISFNFHVTSPGNLSDIIPRPEVEGAIRMSRSRINDAFRLDDNSLEFLGIQPTLGPPYQPPVTIWLIVFGVVMAVVVVGIVVLIITGIRDRRKTDQARSEENPYSSVDLSKGENNPGFQNGDDVQTSF
R.sinicus_216	MSGSSWLLLSLVAVTTAQSTTEDRAKMFLDTFNSEAEDLSYQSSLASWDYNTNINDENVQKMDEAGAKWSAFYEEQSKLAKNYSLEQIQNVTVKLQLQILQQSGSPVLSEDKSKRLNSILNAMSTIYSTGKVCKPNKPHECLLLEPGLDNIMGTSKDYNERLWAWEGWRAEVGKQLRPLYEEYVVLKNEMARGYHYEDYGDYWRRDYETEESPGPGYSRDQLMKDVERIFTEIKPLYEHLHAYVRAKLMDTYPFHISPTGCLPAHLLGDMWGRFWTNLYPLTVPFGQKPNIDVTDEMLKQGWDADRIFKEAEKFFVSVGLPNMTEGFWNNSMLTEPGDGRKVVCHPTAWDLGKGDFRIKMCTKVTMEDFLTAHHEMGHIQYDMAYASQPYLLRNGANEGFHEAVGEVMSLSVATPKHLKTMGLLSPDFREDNETEINFLLKQALNIVGTLPFTYMLEKWRWMVFKGEIPKEEWMKKWWEMKRKIVGVVEPVPHDETYCDPASLFHVANDYSFIRYYTRTIFEFQFHEALCRIAQHDGPLHKCDISNSTDAGKKLHQMLSVGKSKAWTETLKDIVDSRNMDVGPLLRYFEPLYTWLQEQNRKSYVGWNTDWSPYSDQSIKVRISLKSALGENAYEWNDNEMYLFRSSVAYAMREYFLKEKHQTILFGAENVWVSNLKPRISFNFHVTSPGNLSDIIPRPEVEGAIRMSRSRINDAFRLDDNSLEFLGIQPTLGPPYQPPVTIWLIVFGVVMAVVVVGIVVLIITGIRDRRKTDQARSEENPYSSVDLSKGENNPGFQNGDDVQTSF
R.sinicus_202	MSGSSWLLLSLVAVTTAQSTTEDRAKIFLDKFNSEAEDLSYQSSLASWDYNTNINDENVQKMDEAGAKWSAFYEEQSKLAKNYPLEQIQNVTVKLQLQILQQSGSPVLSEDKSKRLNSILNAMSTIYSTGKVCKPNKPHECLLLEPGLDNIMGTSKDYNERLWAWEGWRAEVGKQLRPLYEEYVVLKNEMARGYHYEDYGDYWRRDYETEESPGPGYSRDQLMKDVERIFTEIKPLYEHLHAYVRAKLMDTYPFHISPTGCLPAHLLGDMWGRFWTNLYPLTVPFGQKPNIDVTDEMLKQGWDADRIFKEAEKFFVSVGLPNMTEGFWNNSMLTEPGDGRKVVCHPTAWDLGKGDFRIKMCTKVTMEDFLTAHHEMGHIQYDMAYASQPYLLRNGANEGFHEAVGEVMSLSVATPKHLKTMGLLSPDFREDNETEINFLLKQALNIVGTLPFTYMLEKWRWMVFKGEIPKEEWMKKWWEMKRKIVGVVEPVPHDETYCDPASLFHVANDYSFIRYYTRTIFEFQFHEALCRIAQHDGPLHKCDISNSTDAGKKLHQMLSVGKSKAWTETLKDIVDSRNMDVGPLLRYFEPLYTWLQEQNRKSYVGWNTDWSPYSDQSIKVRISLKSALGENAYEWNDNEMYLFRSSVAYAMREYFLKEKHQTILFGAENVWVSNLKPRISFNFHVTSPGNLSDIIPRPEVEGAIRMSRSRINDAFRLDDNSLEFLGIQPTLGPPYQPPVTIWLIVFGVVMAVVVVGIVVLIITGIRDRRKTDQARSEENPYSSVDLSKGENNPGFQNGDDVQTSF
R.sinicus_206	MSGSSWLLLSLVAVTTAQSTTEDRAKIFLDKFNSEAEDLSYQSSLASWDYNTNINDENVQKMDEAGAKWSAFYEEQSKLAKNYPLEQIQNVTVKLQLQILQQSGSPVLSEDKSKRLNSILNAMSTIYSTGKVCKPNKPHECLLLEPGLDNIMGTSKDYNERLWAWEGWRAEVGKQLRPLYEEYVVLKNEMARGYHYEDYGDYWRRDYETEESPGPGYSRDQLMKDVERIFTEIKPLYEHLHAYVRAKLMDTYPFHISPTGCLPAHLLGDMWGRFWTNLYPLTVPFGQKPNIDVTDEMLKQGWDADRIFKEAEKFFVSVGLPNMTEGFWNNSMLTEPGDGRKVVCHPTAWDLGKGDFRIKMCTKVTMEDFLTAHHEMGHIQYDMAYASQPYLLRNGANEGFHEAVGEVMSLSVATPKHLKTMGLLSPDFREDNETEINFLLKQALNIVGTLPFTYMLEKWRWMVFKGEIPKEEWMKKWWEMKRKIVGVVEPVPHDETYCDPASLFHVANDYSFIRYYTRTIFEFQFHEALCRIAQHDGPLHKCDISNSTDAGKKLHQMLSVGKSQAWTKTLEDIVDSRNMDVGPLLRYFEPLYTWLQEQNRKSYVGWNTDWSPYSDQSIKVRISLKSALGENAYEWNDNEMYLFRSSVAYAMREYFLKEKHQTILFGAENVWVSNLKPRISFNFHVTSPGNLSDIIPRPEVEGAIRMSRSRINDAFRLDDNSLEFLGIQPTLGPPYQPPVTIWLIVFGVVMAVVVVGIVVLIITGIRDRRKTDQARSEENPYSSVDLSKGENNPGFQNGDDVQTSF
R.sinicus_472	MSGSFWFLLSLVAVTTAQSTTEDEAKIFLDKFNTKAEDLSHQSSLASWDYNTNINDENVQKMDEAGAKWSAFYEEQSKLAKNYPLEQIQNVTVKLQLQILQQSGSPVLSEDKSKRLNSILNAMSTIYSTGKVCKPNKPHECLLLEPGLDNIMGTSKDYNERLWAWEGWRAEVGKQLRPLYEEYVVLKNEMARGYHYEDYGDYWRRDYETEESPGPGYSRDQLMKDVERIFTEIKPLYEHLHAYVRAKLMDTYPFHISPTGCLPAHLLGDMWGRFWTNLYPLTVPFGQKPNIDVTDEMLKQGWDADRIFKEAEKFFVSVGLPNMTEGFWNNSMLTEPGDGRKVVCHPTAWDLGKGDFRIKMCTKVTMEDFLTAHHEMGHIQYDMAYASQPYLLRNGANEGFHEAVGEVMSLSVATPKHLKTMGLLSPDFREDNETEINFLLKQALNIVGTLPFTYMLEKWMWMVFKGEIPKEEWMKKWLEMKRKIVGVVEPVPHDETYCDPASLFHVANDYSFIRYYTRTIFEFQFHEALCRIAQHDGPLHKCDISNSTDAGKKLHQMLSVGKSKAWTETLKDIVDSRNMDVGPLLRYFEPLYTWLQEQNRKSYVGWNTDWSPYSDQSIKVRISLKSALGENAYEWNDNEMYLFRSSVAYAMREYFLKEKHQTILFGAENVWVSNLKPRISFNFHVTSPGNLSDIIPRPEVEGAIRMSRSRINDAFRLDDNSLEFLGIQPTLGPPYQPPVTIWLIVFGVVMAVVVVGIVVLIITGIRDRRKTDQARSEENPYSSVDLSKGENNPGFQNGDDVQTSF
R.sinicus_212	MSGSSWLLLSLVAVTTAQSTTEDEAKMFLDKFNTKAEDLSHQSSLASWDYNTNINDENVQKMDEAGAKWSAFYEEQSKLAKNYSLEQIQNVTVKLQLQILQQSGSPVLSEDKSKRLNSILNAMSTIYSTGKVCKPNKPQECLLLEPGLDNIMGTSKDYNERLWAWEGWRAEVGKQLRPLYEEYVVLKNEMARGYHYEDYGDYWRRDYETEESPGPGYSRDQLMKDVERIFTEIKPLYEHLHAYVRAKLMDTYPFHISPTGCLPAHLLGDMWGRFWTNLYPLTVPFGQKPNIDVTDEMLKQGWDADRIFKEAEKFFVSVGLPNMTEGFWNNSMLTEPGDGRKVVCHPTAWDLGKGDFRIKMCTKVTMEDFLTAHHEMGHIQYDMAYASQPYLLRNGANEGFHEAVGEVMSLSVATPKHLKTMGLLSPDFREDNETEINFLLKQALNIVGTLPFTYMLEKWRWMVFKGEIPKEEWMKKWWEMKRKIVGVVEPVPHDETYCDPASLFHVANDYSFIRYYTRTIFEFQFHEALCRIAQHDGPLHKCDISNSTDAGKKLHQMLSVGKSQAWTKTLEDIVDSRNMDVGPLLRYFEPLYTWLQEQNRKSYVGWNTDWSPYSDQSIKVRISLKSALGENAYEWNDNEMYLFRSSVAYAMREYFLKEKHQTILFGAENVWVSNLKPRISFNFHVTSPGNLSDIIPRPEVEGAIRMSRSRINDAFRLDDNSLEFLGIQPTLGPPYQPPVTIWLIVFGVVMAVVVVGIVVLIITGIRDRRKTDQARSEENPYSSVDLSKGENNPGFQNGDDVQTSF
R.sinicus_803	MSGSSWLLLSLVAVTTAQSTTEDEAKMFLDKFNTKAEDLSHQSSLASWDYNTNINDENVQKMDEAGAKWSAFYEEQSKLAKNYSLEQIQNVTVKLQLQILQQSGSPVLSEDKSKRLNSILNAMSTIYSTGKVCKPNKPQECLLLEPGLDNIMGTSKDYNERLWAWEGWRAEVGKQLRPLYEEYVVLKNEMARGYHYEDYGDYWRRDYETEESPGPGYSRDQLMKDVERIFTEIKPLYEHLHAYVRAKLMDTYPFHISPTGCLPAHLLGDMWGRFWTNLYPLTVPFGQKPNIDVTDEMLKQGWDADRIFKEAEKFFVSVGLPNMTEGFWNNSMLTEPGDGRKVVCHPTAWDLGKGDFRIKMCTKVTMEDFLTAHHEMGHIQYDMAYASQPYLLRNGANEGFHEAVGEVMSLSVATPKHLKTMGLLSPDFREDNETEINFLLKQALNIVGTLPFTYMLEKWRWMVFKGEIPKEEWMKKWWEMKRKIVGVVEPVPHDETYCDPASLFHVANDYSFIRYYTRTIFEFQFHEALCRIAQHDGPLHKCDISNSTDAGKKLHQMLSVGKSQAWTKTLEDIVDSRNMDVGPLLKYFEPLYTWLQEQNRKSYVGWNTDWSPYSDQSIKVRISLKSALGENAYEWNDNEMYLFRSSVAYAMREYFLKEKHQTILFGAENVWVSNLKPRISFNFHVTSPGNLSDIIPRPEVEGAIRMSRSRINDAFRLDDNSLEFLGIQPTLGPPYQPPVTIWLIVFGVVMAVVVVGIVVLIITGIRDRRKTDQARSEENPYSSVDLSKGENNPGFQNGDDVQTSF
R.sinicus_221	MSGSSWLLLSLVAVTTAQSTTEDEAKIFLDKFNTKAENLSYQSSLASWDYNTNINDENVQKMDEAGAKWSAFYEEQSKLAKNYPLEQIQNVTVKLQLQILQQSGSPVLSEDKSKRLNSILNAMSTIYSTGKVCKPNKPHECLLLEPGLDNIMGTSKDYNERLWAWEGWRAEVGKQLRPLYEEYVVLKNEMARGYHYEDYGDYWRRDYETEESPGPGYSRDQLMKDVERIFTEIKPLYEHLHAYVRAKLMDTYPFHISPTGCLPAHLLGDMWGRFWTNLYPLTVPFGQKPNIDVTDEMLKQGWDADRIFKEAEKFFVSVGLPNMTEGFWNNSMLTEPGDGRKVVCHPTAWDLGKGDFRIKMCTKVTMEDFLTAHHEMGHIQYDMAYASQPYLLRNGANEGFHEAVGEVMSLSVATPKHLKTMGLLSPDFREDNETEINFLLKQALNIVGTLPFTYMLEKWRWMVFKGEIPKEEWMKKWWEMKRKIVGVVEPVPHDETYCDPASLFHVANDYSFIRYYTRTIFEFQFHEALCRIAQHDGPLHKCDISNSTDAGKKLHQMLSVGKSQAWTKTLEDIVDSRNMDVGPLLRYFEPLYTWLQEQNRKSYVGWNTDWSPYSDQSIKVRISLKSALGENAYEWNDNEMYLFRSSVAYAMREYFLKEKHQTILFGAENVWVSNLKPRISFNFHVTSPGNLSDIIPRPEVEGAIRMSRSRINDAFRLDDNSLEFLGIQPTLGPPYQPPVTIWLIVFGVVMAVVVVGIVVLIITGIRDRRKTDQARSEENPYSSVDLSKGENNPGFQNGDDVQTSF
R.sinicus_203	MSGSSWLLLSLVAVTTAQSTTEDEAKIFLDKFNTKAEDLSHQSSLASWDYNTNINDENVQKMDEAGAKWSAFYEEQSKLAKNYPLEQIQNVTVKLQLQILQQSGSPVLSEDKSKRLNSILNAMSTIYSTGKVCKPNKPHECLLLEPGLDNIMGTSKDYNERLWAWEGWRAEVGKQLRPLYEEYVVLKNEMARGYHYEDYGDYWRRDYETEESPGPGYSRDQLMKDVERIFTEIKPLYEHLHAYVRAKLMDTYPFHISPTGCLPAHLLGDMWGRFWTNLYPLTVPFGQKPNIDVTDEMLKQGWDADRIFKEAEKFFVSVGLPNMTEGFWNNSMLTEPGDGRKVVCHPTAWDLGKGDFRIKMCTKVTMEDFLTAHHEMGHIQYDMAYASQPYLLRNGANEGFHEAVGEVMSLSVATPKHLKTMGLLSPDFREDNETEINFLLKQALNIVGTLPFTYMLEKWRWMVFKGEIPKEEWMKKWWEMKRKIVGVVEPVPHDETYCDPASLFHVANDYSFIRYYTRTIFEFQFHEALCRIAQHDGPLHKCDISNSTDAGKKLHQMLSVGKSQAWTKTLEDIVDSRNMDVGPLLRYFEPLYTWLQEQNRKSYVGWNTDWSPYSDQSIKVRISLKSALGENAYEWNDNEMYLFRSSVAYAMREYFLKEKHQTILFGAENVWVSNLKPRISFNFHVTSPGNLSDIIPRPEVEGAIRMSRSRINDAFRLDDNSLEFLGIQPTLGPPYQPPVTIWLIVFGVVMAVVVVGIVVLIITGIRDRRKTDQARSEENPYSSVDLSKGENNPGFQNGDDVQTSF
R.sinicus_205	MSGSSWLLLSLVAVTTAQSTTEDEAKIFLDKFNTKAEDLSHQSSLASWDYNTNINDENVQKMDEAGAKWSAFYEEQSKLAKNYPLEQIQNVTVKLQLQILQQSGSPVLSEDKSKRLNSILNAMSTIYSTGKVCKPNKPHECLLLEPGLDNIMGTSKDYNERLWAWEGWRAEVGKQLRPLYEEYVVLKNEMARGYHYEDYGDYWRRDYETEESPGPGYSRDQLMKDVERIFTEIKPLYEHLHAYVRAKLTDTYPFHISPTGCLPAHLLGDMWGRFWTNLYPLTVPFGQKPNIDVTDEMLKQGWDADRIFKEAEKFFVSVGLPNMTEGFWNNSMLTEPGDGRKVVCHPTAWDLGKGDFRIKMCTKVTMEDFLTAHHEMGHIQYDMAYASQPYLLRNGANEGFHEAVGEVMSLSVATPKHLKTMGLLSPDFREDNETEINFLLKQALNIVGTLPFTYMLEKWRWMVFKGEIPKEEWMKKWWEMKRKIVGVVEPVPHDETYCDPASLFHVANDYSFIRYYTRTIFEFQFHEALCRIAQHDGPLHKCDISNSTDAGKKLHQMLSVGKSQAWTKTLEDIVDSRNMDVGPLLRYFEPLYTWLQEQNRKSYVGWNTDWSPYSDQSIKVRISLKSALGENAYEWNDNEMYLFRSSVAYAMREYFLKEKHQTILFGAENVWVSNLKPRISFNFHVTSPGNLSDIIPRPEVEGAIRMSRSRINDAFRLDDNSLEFLGIQPTLGPPYQPPVTIWLIVFGVVMAVVVVGIVVLIITGIRDRRKTDQARSEENPYFSVDLSKGENNPGFQNGDDVQTSF
R.macrotis	MSGSFWLLLSLVAVTAAQSTTEDEAKKFLDKFNSKAEDLSYESSLASWDYNTNISDENVQKMDEAGAKWSAFYEEQSKLAKNYPLEEIQNDTVKRQLQILQQSGSPVLSEDKSKRLNSILNAMSTIYSTGKVCKPNNPQECLLLEPGLDNIMGTSKDYNERLWAWEGWRAEVGKQLRPLYEEYVVLKNEMARGYHYEDYGDYWRRDYETEESSGPGYSRDQLMKDVDRIFTEIKPLYEHLHAYVRAKLMDTYPLHISPTGCLPAHLLGDMWGRFWTNLYPLTVPFGQKPNIDVTDAMLNQGWDANRIFKEAEKFFVSVSLPKMTEGFWNKSMLTEPGDGRKVVCHPTAWDLGKGDFRIKMCTKVTMEDFLTAHHEMGHIQYDMAYASQPYLLRNGANEGFHEAVGEVMSLSVATPKHLKTMGLLSPDFREDDETEINFLLKQALNIVGTLPFTYMLEKWRWMVFKGEIPKEEWMKKWWEMKREIVGVVEPVPHDETYCDPASLFHVANDYSFIRYYTRTIFEFQFHEALCRIAQHNGPLHKCDISNSTDAGKKLHQMLSVGKSQAWTKTLEDIVDSRNMDVGPLLRYFKPLYTWLQEQNRKSYVGWNTDWSPYADQSIKVWISLKSALGEKAYEWNDNEMYLFRSSVAYAMREYFLKTKNQTILFGDENVWVSNLKPRISFNFHVTSPGNVSDIIPRPEVEGAIRMSRSRINDAFRLDDNSLEFLGIQPTLGPPYQPPVTIWLIVFGVVMAVVVVGIVVLIITGIRDRRKTDQARSEENPYPSVDLSKGENNPGFQNGDDVQTSF
R.pusillus	MSGSSWLLLSLVAVTAAQSITEDKAKKFLNDFNSEAEDLSYQSSLASWDYNTNISDENVQKMDEAGAKWSAFYEEQSKIAKNYPLEEIQTDIVKRQLQILQQSGSPVLSEDKSKRLNSILNAMSTIYSTGKVCKPNNPQECLLLEPGLDNIMGTSKDYHERLWAWEGWRAEVGKQLRPLYEEYVVLKNEMARGYHYEDYGDYWRRDYETEESSGPGYSRDQLMKDVDRIFTEIKPLYEHLHAYVRAKLMDTYPLHISPTGCLPAHLLGDMWGRFWTNLYPLTVPFGQKPNIDVTDEMVKQGWDANRIFKEAEKFFVSVGLPNMTEGFWNNSMLTEPGDGRKVVCHPTAWDLGKGDFRIKMCTKVTMEDFLTAHHEMGHIQYDMAYASQPYLLRNGANEGFHEAVGEVMSLSVATPKHLKTMGLLSPDFREDDETEINFLLKQALNIVGTLPFTYMLEKWRWMVFKGEIPKEEWMKKWWEMKREIVGVVEPVPHDETYCDPASLFHVANDYSFIRYYTRTIFEFQFHEALCRIAQHNGPLHKCDISNSTDAGKKLHQMLSVGKSQAWTKTLEDIVGSRNMDVGPLLRYFKPLYTWLQEQSRKSYVGWNTDWSPYSDQSIKVRISLKSALGENAYEWNDNEMYLFRSSVAYAMREYFLKTKNQTILFRDENVWVSNLKPRISFNFHVTSPENVSDIIPRSEVEGAIRMSRSRINDAFRLDDNSLEFLGIQPTLGPPYQPPVTIWLIVFGVVMAVVVVGIVVLIITGIRDRRKADQARSEENPYPSVDLSKGENNPGFQNGDDVQTSF
R.cornutus	MSGSSWLLLSLVAVTAAQSTTEDEAKKFLNDFNSEAENLTYQSSLASWDYNTNISDENVQKMDEAGAKWSAFYEEQSKIAKNYPLEEIQTDIVKRQLQILQQSGSPVLSEDKSKRLNSILNAMSTIYSTGKVCKPNNPQECLLLEPGLDNIMGTSKDYHERLWAWEGWRAEVGKQLRPLYEEYVVLKNEMARGYHYEDYGDYWRRDYETEESSGPGYSRDQLMKDVDRIFTEIKPLYEHLHAYVRAKLMDTYPLHISPTGCLPAHLLGDMWGRFWTNLYPLTVPFGQKPNIDVTDEMVKQGWDANRIFKEAEKFFVSVGLPNMTEGFWNNSMLTEPGDGRKVVCHPTAWDLGKGDFRIKMCTKVTMEDFLTAHHEMGHIQYDMAYASQPYLLRNGANEGFHEAVGEVMSLSVATPKHLKTMGLLSPDFREDDETEINFLLKQALNIVGTLPFTYMLEKWRWMVFKGEIPKEEWMKKWWEMRREIVGVVEPVPHDETYCDPASLFHVANDYSFIRYYTRTIFEFQFHEALCRIAQHNGPLHKCDISNSTDAGKKLHQMLSVGKSQAWTKTLEDIVGSRNMDVGPLLRYFEPLYTWLQEQNRKSYVGWNTDWSPYSDQSIKVRISLKSALGEKAYEWNDNEMYLFRSSVAYAMREYFLKTKNQTILFGDENVWVSNLKPRISFNFHVTSPENVSDIIPRSEVEGAIRMSRSRINDAFRLDDNSLEFLGIQPTLGPPYQPPVTIWLIVFGVVMAVVVVGIVVLIITGIRDRRKTDQARSEENPYPSVDLSKGENNPGFQNGDDVQTSF
